merchant_id,legal_name,dba,jurisdiction,country,registration_number,reg_date,entity_type,vat_number,domain,domain_reg_date,registrar,address,city,region,postal_code,owner_name,owner_email,kyc_verdict,onboarding_status,sanctions_flag,sanctions_list,brand_name,brand_similarity_score,trademark_status,impersonation_risk_score,domain_brand_alignment_score,domain_age_days,related_domains,ips,signals,notes,financial_institution_name,financial_institution_account_number,is_legit
MRC-000001,GlobalGroup Inc,,IL,NL,98531AA7,2020-11-01,Inc,,online-tech.io,2021-03-10,Dynadot,9310 Tech Square,Noahville,IL,03727,Xavier Baker,rqkzw@online-tech.io,Review,Pending Verification,No,None,Prime Brand,0.56,None,0.84,0.47,1648,5,54.135.193.134|233.178.46.126,impersonation_risk|domain_age_ok,Generated data record.,No Bank,0000000000,0
MRC-000002,TrustedSolutions LLC,Innovations,FL,AU,C705858A,2005-07-15,LLC,,fake-merchants.io,2018-05-25,Dynadot,7038 Enterprises Street,City of Merchants,FL,39207,Ava Williams,ohytr@fake-merchants.io,Fail,Onboarding,No,None,Global Brand,0.82,None,0.93,0.37,2668,0,39.83.141.251,impersonation_risk|domain_age_ok,Generated data record.,No Bank,0000000000,0
MRC-000003,VertexAnalytics GmbH,Systems,GA,NL,645D9FC0,2008-12-13,GmbH,,scam-connect.io,2023-07-07,Scam Registrar,1370 Innovations Square,Victorville,GA,17060,David Martinez,jxokt@scam-connect.io,Review,Onboarding,No,None,Mega Service,0.92,None,0.62,0.36,799,5,222.221.220.164|186.118.182.174|89.64.83.63,suspicious_domain,Generated data record.,Santander,4169989462,0
MRC-000004,MegaLabs BV,,NY,IN,5A024645,2017-12-26,BV,,buy-logistics.io,2017-09-10,Dynadot,1429 Labs Crescent,Xavierville,NY,41936,Noah King,tdbsp@buy-logistics.io,Fail,Flagged,Yes,UN Sanctions,Dynamic Service,0.62,None,0.53,0.27,2925,1,70.74.243.172|203.246.2.182,sanctions_match,Generated data record.,No Bank,0000000000,0
MRC-000005,Horizon Tech LLC,Labs,WA,JP,D29E41E6,2014-03-12,LLC,VAT98765,alphainvestments.com,2023-10-08,Dynadot,8449 Connect Street,Charlotteville,WA,37714,Amelia Hall,amelia@alphainvestments.com,Fail,Onboarding,Yes,UN Sanctions,MegaTech,0.25,Pending,0.15,0.83,706,2,111.27.94.139|44.139.58.247,sanctions_match|brand_match,Generated data record.,Bank of Nowhere,6365438142,1
MRC-000006,EvergreenAnalytics Pty Ltd,Systems,GA,JP,8031B6F0,2013-11-22,Pty Ltd,,deals-merchants.info,2019-03-13,Dynadot,9479 Tech Blvd,City of Ventures,GA,76637,Grace Walker,qquhn@deals-merchants.info,Review,Flagged,Yes,EU Sanctions,Future Service,0.41,None,0.71,0.47,2376,2,113.36.138.137|4.77.62.27|130.146.45.236,impersonation_risk|sanctions_match|brand_match|domain_age_ok,Generated data record.,No Bank,0000000000,0
MRC-000007,Reliable Enterprises Ltd,Labs,TX,GB,DB165E3B,2020-10-24,Ltd,,globalinvestments.net,2023-05-11,Dynadot,3443 Group Street,City of Services,TX,17391,Ursula Rodriguez,ursula@globalinvestments.net,Pass,Active,No,None,DynamicDynamics,0.14,None,0.3,0.68,856,0,,brand_match,Generated data record.,Bank of Nowhere,8396374570,1
MRC-000008,VisionaryMoneyEnterprises GmbH,Consulting,MN,DE,A5C1DA82,2022-04-10,GmbH,,shop-tech.org,2023-12-31,Dynadot,7918 Group Square,Xavierville,MN,40018,Nancy Rodriguez,lfckn@shop-tech.org,Fail,Onboarding,Yes,EU Sanctions,Trusted Product,0.41,None,0.64,0.15,622,2,177.177.58.86|26.208.142.79,sanctions_match|brand_match,Generated data record.,No Bank,0000000000,0
MRC-000009,Evergreen Merchants Corp,Connect,PA,GB,0E9F56C8,2011-01-06,Corp,VAT12345,futureenterprises.io,2019-08-02,TransIP,8306 Tech St,Peggyville,PA,94017,Quentin Nelson,quentin@futureenterprises.io,Fail,Onboarding,No,None,ReliableSolutions,0.19,Registered,0.33,0.74,2234,1,79.240.162.151,brand_match|domain_age_ok,Generated data record.,RBC Royal Bank,1222142398,1
MRC-000010,MegaPhishInnovations PLC,Analytics,WA,FR,9E18BD16,2021-08-24,PLC,,futureholdings.io,2018-12-09,GoDaddy,6818 Trade Street,City of Innovations,WA,15089,Yvonne Anderson,annvv@futureholdings.io,Review,Flagged,Yes,EU Sanctions,Quick Service,0.97,None,0.82,0.19,2470,5,53.221.212.87,impersonation_risk|sanctions_match,Generated data record.,No Bank,0000000000,0
MRC-000011,MegaServices Pty Ltd,Ventures,PA,AU,1EB50C80,2011-05-28,Pty Ltd,,quantumholdings.io,2020-03-20,GoDaddy,9033 Merchants Square,Lindaville,PA,40625,William Garcia,william@quantumholdings.io,Review,Flagged,No,None,MegaServices,0.16,None,0.13,0.62,2003,4,209.136.48.223|141.222.75.63|216.228.234.115,business_as_usual,Generated data record.,Bank of America,7413219104,1
MRC-000012,SolidDynamics GmbH,,NJ,US,67E1F756,2013-02-23,GmbH,,strategicholdings.net,2021-04-21,TransIP,2574 Systems Square,Eveville,NJ,12652,Xavier Garcia,xavier@strategicholdings.net,Fail,Active,No,None,SolidDynamics,0.04,None,0.27,0.62,1606,5,201.216.64.28|159.68.80.32|199.145.102.90,business_as_usual,Generated data record.,Santander,1771707211,1
MRC-000013,Secure Systems Inc,Systems,OH,US,40EDDC32,2013-09-17,Inc,,quicklogistics.io,2017-09-19,MarkMonitor,7951 Connect Blvd,Nancyville,OH,92740,Noah Garcia,noah@quicklogistics.io,Review,Flagged,No,None,FutureServices,0.25,None,0.25,0.77,2916,1,33.174.108.222|161.78.251.229,domain_age_ok,Generated data record.,HSBC,5143783555,1
MRC-000014,Global Enterprises Ltd,Logistics,MI,JP,E88C99F6,2015-10-24,Ltd,,apexholdings.io,2018-01-08,Dynadot,2557 Systems Blvd,Bobville,MI,42528,Yvonne Lopez,yvonne@apexholdings.io,Pass,Pending Verification,No,None,InnovativeDynamics,0.26,None,0.34,0.82,2805,3,,domain_age_ok,Generated data record.,Chase Bank,3436218547,1
MRC-000015,AlphaConnect BV,Innovations,AZ,GB,6DFCCE58,2013-04-21,BV,,apexinvestments.io,2022-01-26,Gandi,8138 Enterprises St,Elijahville,AZ,77135,Sophia Walker,sophia@apexinvestments.io,Review,Onboarding,No,None,AlphaConnect,0.0,Pending,0.13,0.69,1326,1,230.2.28.68|26.254.103.93|67.41.160.31,domain_age_ok,Generated data record.,Chase Bank,1039555576,1
MRC-000016,Apex Enterprises PLC,Enterprises,TX,IN,D001BD02,2021-05-05,PLC,,vertexinnovations.com,2018-01-05,MarkMonitor,4445 Trade St,Oscarville,TX,95979,Tina Green,tina@vertexinnovations.com,Pass,Flagged,No,None,EvergreenConnect,0.15,None,0.09,0.66,2808,2,145.31.97.25|37.174.175.7|167.224.93.66,domain_age_ok,Generated data record.,BNP Paribas,9568597825,1
MRC-000017,Mega Ventures Ltd,,MI,CA,C26EE0F3,2019-06-05,Ltd,,vertexlabs.com,2021-06-14,MarkMonitor,8658 Systems Blvd,Elijahville,MI,56145,Bob Turner,bob@vertexlabs.com,Review,Onboarding,No,None,ApexVentures,0.24,None,0.36,0.65,1552,0,1.93.122.44|216.75.79.2,domain_age_ok,Generated data record.,Wells Fargo,8337055242,1
MRC-000018,QuantumPartners Pty Ltd,,OR,AU,6E483435,2006-02-02,Pty Ltd,,cyberlogistics.org,2021-02-16,Gandi,5891 Logistics Ave,Zackville,OR,95990,Elijah Jackson,lkprj@cyberlogistics.org,Fail,Flagged,No,None,Global Service,0.36,None,0.69,0.34,1670,3,,suspicious_domain,Generated data record.,No Bank,0000000000,0
MRC-000019,Apex Ventures Inc,Dynamics,OR,DE,444EE27C,2015-11-06,Inc,,solidenterprises.co,2020-07-12,Gandi,2313 Labs Square,Oliverville,OR,99705,Charlie Miller,charlie@solidenterprises.co,Review,Flagged,No,None,ApexAnalytics,0.08,Registered,0.29,0.75,1889,0,176.216.1.80|243.215.180.108|200.233.43.140,business_as_usual,Generated data record.,BNP Paribas,3924224384,1
MRC-000020,ApexCryptoPartners PLC,Connect,NY,AU,721591D5,2021-01-25,PLC,,apextech.net,2023-06-06,Dynadot,8420 Dynamics Rd,Nancyville,NY,05863,Steve Hill,ckxjn@apextech.net,Fail,Pending Verification,No,None,Prime Product,0.72,None,0.88,0.13,830,2,55.10.243.57|201.48.112.231,impersonation_risk,Generated data record.,No Bank,0000000000,0
MRC-000021,EvergreenServices GmbH,,NC,JP,FD96CB9A,2008-02-18,GmbH,VAT12345,quicksystems.org,2021-08-14,TransIP,7907 Trade Ave,Ameliaville,NC,21945,Noah Hall,noah@quicksystems.org,Review,Onboarding,No,None,EvergreenServices,0.27,None,0.15,0.81,1491,4,185.75.236.53|126.148.137.249,business_as_usual,Generated data record.,Santander,9174193328,1
MRC-000022,Mega Partners Inc,Partners,NV,NL,58DC0F51,2007-10-14,Inc,,innovativeconsulting.org,2017-11-21,TransIP,4743 Dynamics Ave,Wendyville,NV,86107,Olivia Roberts,olivia@innovativeconsulting.org,Review,Flagged,No,None,MegaEnterprises,0.23,None,0.22,0.88,2853,0,236.24.213.152|99.16.147.195,business_as_usual,Generated data record.,Wells Fargo,2712478727,1
MRC-000023,VisionaryDealzLabs Corp,Ventures,MI,AU,05F32426,2017-06-20,Corp,,fake-dynamics.com,2020-03-17,Hostinger,5949 Analytics Square,Charlieville,MI,74727,Eve Thompson,ylaqb@fake-dynamics.com,Review,Flagged,No,None,Vertex Product,0.59,None,0.58,0.55,2006,2,37.146.18.226|215.86.67.126,suspicious_domain,Generated data record.,No Bank,0000000000,0
MRC-000024,HorizonScamSolutions LLC,,TX,SG,9E519130,2022-06-06,LLC,,buy-solutions.org,2022-06-29,Dynadot,1309 Solutions Street,Avaville,TX,83145,Xavier Jackson,stibs@buy-solutions.org,Fail,Onboarding,Yes,EU Sanctions,Apex Service,0.49,None,0.96,0.22,1172,0,86.160.109.183,impersonation_risk|sanctions_match,Generated data record.,No Bank,0000000000,0
MRC-000025,Reliable Systems LLC,Tech,FL,IN,89397DFF,2019-11-18,LLC,VAT12345,strategicservices.co,2021-04-09,Gandi,2725 Systems Rd,City of Group,FL,53306,Olivia Martinez,olivia@strategicservices.co,Pass,Pending Verification,No,None,GlobalEnterprises,0.16,Pending,0.07,0.72,1618,5,87.39.162.198|39.89.36.44,brand_match,Generated data record.,Citibank,4227019094,1
MRC-000026,Evergreen Group LLC,Consulting,NV,GB,DFF5BE87,2015-01-25,LLC,,advancedconsulting.net,2023-01-02,CrazyDomain,4895 Partners Square,Kevinville,NV,12697,Wendy Scott,wendy@advancedconsulting.net,Review,Pending Verification,No,None,CyberVentures,0.05,Registered,0.27,0.72,985,2,213.187.244.181|49.218.114.158,business_as_usual,Generated data record.,Citibank,5645762462,1
MRC-000027,FutureEnterprises GmbH,,VA,FR,8CA9920F,2021-08-22,GmbH,,online-logistics.org,2016-01-05,Hostinger,9251 Trade Street,Peggyville,VA,67760,Ursula Edwards,qcqla@online-logistics.org,Review,Pending Verification,Yes,EU Sanctions,Alpha Service,0.93,None,0.95,0.11,3539,3,18.136.33.252,impersonation_risk|sanctions_match|domain_age_ok,Generated data record.,No Bank,0000000000,0
MRC-000028,Strategic Group LLC,,OH,US,14EA3E0E,2017-12-03,LLC,VAT12345,quantumconsulting.co,2023-02-15,Dynadot,9482 Solutions St,City of Group,OH,53677,Linda Robinson,linda@quantumconsulting.co,Fail,Flagged,No,None,MegaLabs,0.01,Pending,0.14,0.78,941,1,121.40.196.77|92.35.25.20,brand_match,Generated data record.,US Bank,1375513421,1
MRC-000029,PrimeFraudTech GmbH,,FL,GB,E3EE81E8,2016-02-21,GmbH,,scam-solutions.net,2019-10-04,Scam Registrar,6206 Dynamics St,Davidville,FL,79725,Linda Thompson,uluqx@scam-solutions.net,Fail,Onboarding,No,None,Evergreen Product,0.33,None,0.96,0.52,2171,0,209.199.117.96|177.247.96.246|3.115.189.32,impersonation_risk,Generated data record.,No Bank,0000000000,0
MRC-000030,PrimeLabs Pty Ltd,Partners,OR,JP,2EFD7832,2014-08-06,Pty Ltd,,primeservices.co,2022-10-27,GoDaddy,2881 Group Way,Charlotteville,OR,07496,Bob Miller,bob@primeservices.co,Fail,Active,No,None,PrimeLabs,0.11,Pending,0.1,0.85,1052,1,,domain_age_ok,Generated data record.,Chase Bank,8397096297,1
MRC-000031,FutureAnalytics Pty Ltd,,VA,CA,971A3264,2014-09-20,Pty Ltd,,apexsystems.net,2016-07-22,GoDaddy,1050 Tech Crescent,Peggyville,VA,97260,Charlie Smith,charlie@apexsystems.net,Pass,Onboarding,No,None,FutureAnalytics,0.23,Registered,0.26,0.69,3340,1,89.237.78.121|76.162.210.195,business_as_usual,Generated data record.,BNP Paribas,5583945981,1
MRC-000032,PrimeLabs BV,Consulting,WA,AU,0AF734FB,2010-03-03,BV,,shop-services.com,2020-06-18,Hostinger,1636 Tech Square,City of Solutions,WA,97644,Noah Robinson,dbwcy@shop-services.com,Fail,Pending Verification,Yes,UN Sanctions,Trusted Service,0.48,None,0.79,0.53,1913,5,77.163.105.78|157.95.44.241,impersonation_risk|sanctions_match|brand_match,Generated data record.,No Bank,0000000000,0
MRC-000033,VisionaryVentures BV,Consulting,NV,FR,B616610D,2012-10-08,BV,,reliableconsulting.com,2023-08-26,CrazyDomain,3628 Investments Ln,Avaville,NV,02586,Ursula Lopez,ursula@reliableconsulting.com,Review,Active,No,None,VisionaryVentures,0.23,Pending,0.16,0.67,749,2,193.197.249.226,business_as_usual,Generated data record.,RBC Royal Bank,2244946232,1
MRC-000034,Innovative Analytics LLC,Solutions,NY,DE,BB236758,2010-01-02,LLC,,reliableinvestments.org,2024-06-13,TransIP,4383 Innovations Crescent,Xavierville,NY,18856,Judy Thompson,judy@reliableinvestments.org,Fail,Flagged,No,None,QuickVentures,0.23,Registered,0.1,0.72,457,5,,business_as_usual,Generated data record.,HSBC,5767511795,1
MRC-000035,StrategicInnovations Inc,,AZ,US,B70DBCDF,2007-08-01,Inc,,scam-partners.net,2019-02-25,Dynadot,3926 Partners Blvd,City of Connect,AZ,90985,Charlie Hernandez,gbkce@scam-partners.net,Fail,Pending Verification,No,None,Alpha Product,0.93,None,0.71,0.45,2392,0,86.106.153.12,impersonation_risk,Generated data record.,Commerzbank,4989739764,0
MRC-000036,Mega Holdings Corp,Systems,CO,US,BC826FC3,2013-05-28,Corp,VAT98765,quickinvestments.net,2019-11-22,MarkMonitor,721 Analytics Blvd,Frankville,CO,05665,Oliver Lopez,oliver@quickinvestments.net,Review,Pending Verification,No,None,AdvancedVentures,0.04,Pending,0.18,0.7,2122,1,41.218.174.162|42.1.66.50|206.51.219.59,business_as_usual,Generated data record.,HSBC,1867079819,1
MRC-000037,SolidOnlineSolutions Ltd,,CA,CA,1D1E4578,2020-07-15,Ltd,,alphaenterprises.org,2015-05-05,Namecheap,4173 Analytics Street,Aliceville,CA,25144,Quentin Davis,kwayd@alphaenterprises.org,Fail,Onboarding,No,None,Evergreen Brand,0.86,None,0.74,0.5,3784,0,163.86.42.16|139.68.161.73|137.180.170.189,impersonation_risk|brand_match|domain_age_ok,Generated data record.,No Bank,0000000000,0
MRC-000038,Cyber Consulting LLC,,FL,AU,D99B84C5,2005-05-07,LLC,,primegroup.net,2015-11-21,CrazyDomain,6281 Group Way,Aliceville,FL,82087,Judy King,judy@primegroup.net,Review,Active,No,None,InnovativeSystems,0.29,Pending,0.24,0.81,3584,2,144.108.9.218|1.112.182.63,domain_age_ok,Generated data record.,Santander,5197442153,1
MRC-000039,VisionaryOnlineVentures Ltd,,NC,FR,4EE54B79,2013-10-17,Ltd,,fake-trade.io,2017-06-03,Dynadot,1790 Labs Square,Oscarville,NC,05432,Peggy Hernandez,skrci@fake-trade.io,Review,Flagged,No,None,Vertex Brand,0.57,None,0.83,0.13,3024,2,151.136.141.28,impersonation_risk,Generated data record.,No Bank,0000000000,0
MRC-000040,SolidSolutions Pty Ltd,Group,OR,US,59346813,2013-02-02,Pty Ltd,,scam-dynamics.io,2021-04-14,Hostinger,3119 Labs Street,City of Logistics,OR,05497,Ava Harris,vambu@scam-dynamics.io,Fail,Onboarding,Yes,OFAC,Strategic Brand,0.72,None,0.81,0.47,1613,5,,impersonation_risk|sanctions_match|brand_match,Generated data record.,Bank of America,4329506260,0
MRC-000041,GlobalScamInvestments Corp,,FL,CA,EDC94E6C,2015-02-17,Corp,,innovativeenterprises.net,2020-01-05,GoDaddy,4860 Tech Way,Rachelville,FL,54838,Alice Allen,telza@innovativeenterprises.net,Review,Pending Verification,Yes,EU Sanctions,Reliable Service,0.69,None,0.94,0.31,2078,4,44.72.62.135|191.90.98.106|179.114.181.72,impersonation_risk|sanctions_match,Generated data record.,No Bank,0000000000,0
MRC-000042,Trusted Innovations PLC,Labs,GA,AU,F75AEA29,2015-08-07,PLC,,visionarymerchants.io,2021-11-18,GoDaddy,1142 Enterprises Square,Rachelville,GA,87224,Alice Taylor,alice@visionarymerchants.io,Pass,Onboarding,No,None,ReliableSolutions,0.0,Registered,0.06,0.76,1395,2,44.248.219.163|185.247.201.176,business_as_usual,Generated data record.,Chase Bank,0484898122,1
MRC-000043,Global Consulting Ltd,,DE,JP,512C3CCB,2015-06-26,Ltd,,alphatrade.co,2019-09-02,CrazyDomain,9648 Solutions Square,Steveville,DE,36268,Victor Mitchell,victor@alphatrade.co,Fail,Pending Verification,No,None,HorizonLabs,0.29,Pending,0.26,0.85,2203,2,,domain_age_ok,Generated data record.,US Bank,3648353922,1
MRC-000044,VertexDynamics GmbH,Holdings,VA,GB,CDA5F970,2016-11-22,GmbH,,advancedventures.co,2024-02-02,Cloudflare,3046 Logistics Way,Nancyville,VA,76484,Ava Young,ava@advancedventures.co,Fail,Onboarding,No,None,VertexDynamics,0.3,Registered,0.34,0.94,589,0,,business_as_usual,Generated data record.,Bank of America,5022332677,1
MRC-000045,AdvancedSolutions BV,Systems,NY,US,B8A8AD18,2021-03-17,BV,VAT98765,innovativesolutions.net,2017-06-09,Gandi,3151 Analytics Way,Avaville,NY,84249,Ava White,ava@innovativesolutions.net,Pass,Pending Verification,No,None,AdvancedSolutions,0.13,None,0.18,0.71,3018,2,,business_as_usual,Generated data record.,HSBC,0455575218,1
MRC-000046,HorizonSolutions Pty Ltd,Dynamics,NV,AU,7F63404B,2013-12-20,Pty Ltd,,megaanalytics.com,2016-01-17,GoDaddy,3788 Consulting Street,City of Dynamics,NV,19193,Rachel Jackson,rachel@megaanalytics.com,Pass,Active,No,None,HorizonSolutions,0.22,None,0.2,0.69,3527,2,,brand_match|domain_age_ok,Generated data record.,US Bank,6391345181,1
MRC-000047,MegaVentures Ltd,Connect,AZ,IN,3B3B26F5,2006-03-01,Ltd,,scam-merchants.org,2024-03-23,Hostinger,1668 Solutions Rd,Noahville,AZ,53734,Ava Scott,sezek@scam-merchants.org,Review,Onboarding,No,None,Innovative Brand,0.44,None,0.82,0.16,539,2,22.143.92.226,impersonation_risk,Generated data record.,No Bank,0000000000,0
MRC-000048,Global Consulting PLC,Group,NC,JP,00599E60,2020-06-21,PLC,,megalogistics.io,2019-07-30,GoDaddy,4147 Labs Street,City of Logistics,NC,60762,Yvonne Davis,yvonne@megalogistics.io,Pass,Flagged,No,None,HorizonGroup,0.15,Pending,0.15,0.84,2237,1,,domain_age_ok,Generated data record.,HSBC,8037555050,1
MRC-000049,HorizonInvestments GmbH,Enterprises,CO,GB,E4DEC1C3,2018-10-27,GmbH,VAT12345,visionarytech.net,2020-04-18,GoDaddy,3391 Ventures Street,Ivanville,CO,24379,Elijah Walker,elijah@visionarytech.net,Pass,Active,No,None,HorizonInvestments,0.2,None,0.33,0.74,1974,0,62.214.56.104|202.10.139.42|49.77.145.116,business_as_usual,Generated data record.,Wells Fargo,9105418630,1
MRC-000050,CyberConsulting GmbH,Partners,NV,JP,5EC2B995,2013-12-28,GmbH,,alphasolutions.io,2019-12-26,Cloudflare,9855 Labs Crescent,Michaelville,NV,42050,Oscar Wright,oscar@alphasolutions.io,Fail,Active,No,None,CyberConsulting,0.18,None,0.15,0.91,2088,3,83.2.173.226|251.203.104.210,brand_match|domain_age_ok,Generated data record.,HSBC,5625190904,1
MRC-000051,PrimeDealzGroup GmbH,Ventures,DE,CA,3C8B4629,2009-01-07,GmbH,,dynamicsystems.info,2022-01-05,GoDaddy,6455 Labs St,City of Enterprises,DE,19130,Sophia Martin,wdfcd@dynamicsystems.info,Review,Onboarding,No,None,Evergreen Product,0.66,None,0.88,0.16,1347,1,90.32.218.209|54.147.115.30|49.193.105.144,impersonation_risk|domain_age_ok,Generated data record.,No Bank,0000000000,0
MRC-000052,TrustedSystems Pty Ltd,Logistics,CA,AU,3210C87D,2022-03-16,Pty Ltd,,strategicholdings.io,2021-05-09,MarkMonitor,4903 Logistics Ave,Judyville,CA,52622,Oliver Green,oliver@strategicholdings.io,Review,Pending Verification,No,None,TrustedSystems,0.16,None,0.09,0.61,1588,2,13.124.39.46,business_as_usual,Generated data record.,Wells Fargo,0380168803,1
MRC-000053,Innovative Merchants Inc,Partners,AZ,AU,BA69A1A7,2009-05-28,Inc,VAT12345,cyberanalytics.com,2021-01-22,Namecheap,8174 Ventures Way,Elijahville,AZ,12628,William Allen,william@cyberanalytics.com,Review,Onboarding,No,None,SolidInnovations,0.27,None,0.18,0.67,1695,4,83.172.45.187|81.211.223.169|182.56.16.192,domain_age_ok,Generated data record.,US Bank,2451955302,1
MRC-000054,CyberMerchants GmbH,,NV,AU,CE270AB2,2010-01-17,GmbH,,solidservices.net,2022-06-26,MarkMonitor,7538 Solutions Way,Heidiville,NV,32449,Kevin Hall,kevin@solidservices.net,Pass,Active,No,None,CyberMerchants,0.08,None,0.32,0.7,1175,0,,brand_match,Generated data record.,Citibank,6408489971,1
MRC-000055,Alpha Tech Ltd,Labs,MI,CA,1E641C4F,2014-01-19,Ltd,,primeanalytics.org,2017-01-03,Cloudflare,1295 Analytics Crescent,Heidiville,MI,64440,Steve Gonzalez,steve@primeanalytics.org,Pass,Active,No,None,AlphaInvestments,0.03,Registered,0.2,0.63,3175,0,108.140.186.56|43.17.108.226,business_as_usual,Generated data record.,Santander,2254311178,1
MRC-000056,AdvancedPhishPartners Inc,Trade,CA,DE,0579042E,2021-10-16,Inc,,quicklabs.com,2023-05-29,Dynadot,4890 Analytics Street,Lindaville,CA,64901,Rachel Allen,lxqsf@quicklabs.com,Fail,Onboarding,No,None,Evergreen Brand,0.9,None,0.78,0.15,838,3,171.20.229.48|219.218.101.62|209.207.147.36,impersonation_risk,Generated data record.,RBC Royal Bank,2229879574,0
MRC-000057,Dynamic Consulting PLC,,TX,CA,680642CC,2014-09-14,PLC,VAT12345,cybersolutions.co,2023-11-26,CrazyDomain,8869 Merchants Rd,Victorville,TX,19251,Sophia Roberts,sophia@cybersolutions.co,Pass,Flagged,No,None,TrustedSystems,0.22,Pending,0.14,0.77,657,1,68.204.28.217|191.173.233.246|242.35.178.141,business_as_usual,Generated data record.,Bank of America,9550664124,1
MRC-000058,VertexDealzServices LLC,Logistics,DE,DE,324262A5,2019-01-11,LLC,,deals-tech.net,2021-03-17,Dynadot,4649 Group St,Elijahville,DE,68046,Liam Harris,zhoaq@deals-tech.net,Fail,Flagged,No,None,Visionary Brand,0.54,None,0.76,0.27,1641,3,,impersonation_risk,Generated data record.,No Bank,0000000000,0
MRC-000059,AlphaPhishAnalytics GmbH,Labs,OH,US,BF3948C4,2018-07-28,GmbH,,primeholdings.net,2017-02-14,MarkMonitor,1619 Systems Square,Lindaville,OH,41822,Bob Campbell,uhkvo@primeholdings.net,Review,Flagged,No,None,Solid Brand,0.97,None,0.72,0.57,3133,0,110.49.131.58|250.3.19.14|169.149.153.127,impersonation_risk,Generated data record.,No Bank,0000000000,0
MRC-000060,VisionaryPhishTech GmbH,Enterprises,IL,NL,8B09601E,2011-01-21,GmbH,,buy-tech.net,2019-05-10,Hostinger,7758 Systems Ave,Jamesville,IL,50544,Steve Williams,ijibc@buy-tech.net,Review,Onboarding,Yes,UN Sanctions,Future Brand,0.74,None,0.56,0.3,2318,3,30.112.2.76|49.19.25.52|0.253.47.66,sanctions_match|brand_match,Generated data record.,Wells Fargo,5296884867,0
MRC-000061,ReliableDealzLabs Corp,,CO,CA,7B34B1DC,2005-06-03,Corp,,buy-holdings.net,2017-08-03,Scam Registrar,4076 Tech Blvd,City of Trade,CO,82536,Wendy Thompson,qgfnc@buy-holdings.net,Fail,Flagged,No,None,Strategic Service,0.53,None,0.97,0.42,2963,0,,impersonation_risk,Generated data record.,No Bank,0000000000,0
MRC-000062,Innovative Merchants PLC,,TX,AU,4AC0FFC3,2014-11-16,PLC,,quickinnovations.co,2017-04-26,Dynadot,6507 Dynamics Rd,Ursulaville,TX,80717,Michael Green,michael@quickinnovations.co,Fail,Active,No,None,FutureInnovations,0.13,None,0.21,0.94,3062,0,,business_as_usual,Generated data record.,Bank of America,7162110932,1
MRC-000063,StrategicLogistics Pty Ltd,Analytics,VA,US,496CE2F6,2017-02-18,Pty Ltd,,alphadynamics.io,2015-01-06,Cloudflare,3445 Holdings Ln,Williamville,VA,99748,Steve Martin,steve@alphadynamics.io,Fail,Flagged,No,None,StrategicLogistics,0.18,None,0.13,0.86,3903,4,,business_as_usual,Generated data record.,Commerzbank,8367907009,1
MRC-000064,Visionary Enterprises PLC,Connect,AZ,JP,908C475D,2023-07-12,PLC,,cybersystems.com,2016-06-21,Gandi,8468 Innovations St,City of Analytics,AZ,09372,Wendy Mitchell,wendy@cybersystems.com,Pass,Flagged,No,None,QuickTrade,0.23,None,0.17,0.75,3371,0,52.49.80.186,business_as_usual,Generated data record.,RBC Royal Bank,9988996547,1
MRC-000065,Global Group Ltd,Dynamics,NV,FR,91B48D51,2006-05-22,Ltd,,reliableholdings.com,2020-01-30,Dynadot,4984 Analytics Ln,Yvonneville,NV,62752,Oscar Turner,oscar@reliableholdings.com,Pass,Onboarding,No,None,EvergreenHoldings,0.12,Registered,0.17,0.61,2053,5,200.6.128.221,brand_match,Generated data record.,Chase Bank,5102709525,1
MRC-000066,InnovativeGroup GmbH,Innovations,CA,JP,B4B60EB0,2014-06-09,GmbH,,deals-ventures.net,2018-03-13,Scam Registrar,9279 Holdings Rd,Xavierville,CA,52297,Charlotte Hill,udevo@deals-ventures.net,Review,Pending Verification,No,None,Global Brand,0.95,None,0.9,0.59,2741,4,25.67.140.61|78.5.171.248,impersonation_risk|domain_age_ok,Generated data record.,Commerzbank,9455947464,0
MRC-000067,ReliableDynamics GmbH,Ventures,AZ,CA,087F54C3,2020-12-17,GmbH,,primelabs.org,2016-04-20,CrazyDomain,5996 Systems Blvd,Noahville,AZ,84547,Grace Green,grace@primelabs.org,Fail,Onboarding,No,None,ReliableDynamics,0.14,None,0.34,0.89,3433,0,,business_as_usual,Generated data record.,Citibank,9063184314,1
MRC-000068,VertexAnalytics BV,,MA,SG,01F65A49,2014-09-21,BV,,secureinvestments.com,2022-07-01,MarkMonitor,3165 Trade Rd,Nancyville,MA,35805,Ivan Williams,ivan@secureinvestments.com,Fail,Pending Verification,No,None,VertexAnalytics,0.05,Registered,0.19,0.91,1170,3,188.94.119.12|172.25.226.196|155.131.64.225,brand_match|domain_age_ok,Generated data record.,Chase Bank,1917643692,1
MRC-000069,Apex Logistics PLC,Logistics,VA,SG,DC74B0E0,2011-01-29,PLC,,alphaholdings.net,2021-12-24,GoDaddy,300 Consulting Rd,City of Investments,VA,40629,Emma Anderson,emma@alphaholdings.net,Review,Active,No,None,PrimeInnovations,0.06,Registered,0.36,0.7,1359,2,,business_as_usual,Generated data record.,BNP Paribas,8420593675,1
MRC-000070,QuickGroup Ltd,Analytics,VA,SG,94B8B4DE,2019-10-24,Ltd,,deals-dynamics.net,2024-03-17,Hostinger,7914 Tech Square,City of Innovations,VA,36930,Grace Evans,ramju@deals-dynamics.net,Review,Onboarding,No,None,Mega Product,0.57,None,0.96,0.56,545,1,,impersonation_risk,Generated data record.,BNP Paribas,4587476260,0
MRC-000071,TrustedCryptoLabs Ltd,Labs,PA,NL,978B7EDC,2014-11-13,Ltd,,scam-investments.io,2023-08-24,Hostinger,1401 Tech Ln,Jamesville,PA,06276,Eve Phillips,zgzui@scam-investments.io,Review,Onboarding,No,None,Cyber Product,0.87,None,0.97,0.24,751,2,,impersonation_risk|brand_match,Generated data record.,No Bank,0000000000,0
MRC-000072,DynamicCryptoVentures GmbH,Partners,TX,DE,9CADE164,2018-07-19,GmbH,,scam-labs.co,2022-10-19,Dynadot,2869 Services Crescent,City of Merchants,TX,47450,Heidi Williams,nqbko@scam-labs.co,Review,Pending Verification,No,None,Alpha Brand,0.63,None,0.59,0.25,1060,2,235.76.250.238|244.152.130.233,suspicious_domain,Generated data record.,No Bank,0000000000,0
MRC-000073,Innovative Trade Ltd,Ventures,OR,GB,2879E307,2005-08-23,Ltd,,megalabs.org,2020-06-28,GoDaddy,6764 Dynamics Street,City of Dynamics,OR,74021,Nancy Jackson,nancy@megalabs.org,Fail,Flagged,No,None,VertexTrade,0.13,Registered,0.06,0.79,1903,2,,domain_age_ok,Generated data record.,RBC Royal Bank,9499523488,1
MRC-000074,Prime Ventures LLC,Investments,WA,CA,CD24D5BA,2010-05-23,LLC,VAT98765,cyberdynamics.co,2020-11-20,CrazyDomain,3454 Labs Rd,City of Investments,WA,77479,Rachel Moore,rachel@cyberdynamics.co,Fail,Pending Verification,No,None,SecureGroup,0.18,Pending,0.3,0.65,1758,0,,brand_match,Generated data record.,HSBC,1707754917,1
MRC-000075,InnovativeLabs LLC,Solutions,PA,GB,34BAA74E,2021-11-12,LLC,,megalabs.co,2020-11-04,GoDaddy,7568 Connect Blvd,City of Investments,PA,57315,William Jones,aytyn@megalabs.co,Review,Pending Verification,Yes,UN Sanctions,Prime Product,0.43,None,0.57,0.18,1774,5,135.234.44.255,sanctions_match,Generated data record.,No Bank,0000000000,0
MRC-000076,QuantumSystems Pty Ltd,Analytics,OR,NL,B6BC0656,2011-10-11,Pty Ltd,,secureholdings.co,2020-06-25,TransIP,3510 Logistics Ln,Xavierville,OR,51182,Sophia Brown,sophia@secureholdings.co,Fail,Pending Verification,No,None,QuantumSystems,0.14,Registered,0.23,0.76,1906,2,137.40.223.133|9.96.86.74|213.60.201.236,domain_age_ok,Generated data record.,Chase Bank,9144570624,1
MRC-000077,CyberVentures Corp,,OH,NL,CB5916B3,2023-05-08,Corp,,buy-holdings.co,2022-01-02,Dynadot,8775 Systems Crescent,City of Merchants,OH,26354,William Jones,zsltn@buy-holdings.co,Fail,Pending Verification,No,None,Evergreen Service,0.84,None,0.63,0.55,1350,2,,domain_age_ok,Generated data record.,No Bank,0000000000,0
MRC-000078,Trusted Dynamics PLC,,MN,CA,08E6D507,2007-01-12,PLC,,advancedservices.org,2015-05-10,Dynadot,9432 Group St,City of Holdings,MN,91843,Sophia Davis,sophia@advancedservices.org,Pass,Onboarding,No,None,GlobalEnterprises,0.1,Registered,0.33,0.89,3779,2,97.215.205.104,brand_match,Generated data record.,HSBC,7581119034,1
MRC-000079,HorizonDealzLabs Pty Ltd,Holdings,CO,FR,49B54356,2011-06-13,Pty Ltd,,scam-services.co,2019-02-15,Dynadot,787 Investments Ave,Ameliaville,CO,77456,Michael Martin,ijgsk@scam-services.co,Review,Onboarding,No,None,Cyber Brand,0.33,None,0.82,0.41,2402,3,,impersonation_risk,Generated data record.,No Bank,0000000000,0
MRC-000080,Solid Services Corp,Trade,MN,GB,A7400FE0,2011-10-14,Corp,,innovativegroup.com,2022-03-13,Dynadot,3909 Consulting Blvd,Wendyville,MN,90088,Alice Robinson,alice@innovativegroup.com,Pass,Pending Verification,No,None,SecureInnovations,0.29,Pending,0.39,0.61,1280,5,140.220.216.147,business_as_usual,Generated data record.,BNP Paribas,7403604729,1
MRC-000081,Apex Holdings Corp,Systems,TX,DE,C3771039,2006-10-29,Corp,,secureconnect.co,2016-02-04,Cloudflare,7319 Holdings Street,City of Partners,TX,91969,Rachel Carter,rachel@secureconnect.co,Review,Active,No,None,QuickVentures,0.27,None,0.23,0.83,3509,1,200.211.36.41,brand_match|domain_age_ok,Generated data record.,Santander,1352044821,1
MRC-000082,AlphaFraudTech Corp,Ventures,DE,DE,DA5F256B,2005-07-28,Corp,,deals-services.com,2020-05-08,Scam Registrar,4789 Labs Way,City of Solutions,DE,80339,Peggy Martin,citqt@deals-services.com,Review,Pending Verification,No,None,Quick Brand,0.46,None,0.94,0.52,1954,1,238.61.131.185,impersonation_risk|domain_age_ok,Generated data record.,Commerzbank,6809850725,0
MRC-000083,SecureOnlineServices Pty Ltd,Analytics,VA,NL,84C037CD,2021-11-28,Pty Ltd,,shop-labs.co,2017-06-08,Scam Registrar,2058 Tech Crescent,Victorville,VA,61319,Charlotte Campbell,xvesi@shop-labs.co,Fail,Flagged,No,None,Solid Service,0.69,None,0.69,0.15,3019,2,162.30.40.227|38.25.155.19|244.182.115.115,suspicious_domain,Generated data record.,No Bank,0000000000,0
MRC-000084,VisionaryFraudAnalytics Pty Ltd,Tech,AZ,DE,A5F0E826,2014-12-30,Pty Ltd,,dynamicpartners.com,2015-09-03,Cloudflare,8589 Systems Crescent,Noahville,AZ,22469,Frank Garcia,capnw@dynamicpartners.com,Fail,Flagged,No,None,Quick Brand,0.51,None,0.76,0.51,3663,3,134.232.176.213|226.132.0.93|63.151.63.135,impersonation_risk|domain_age_ok,Generated data record.,Chase Bank,8573823355,0
MRC-000085,HorizonAnalytics BV,Logistics,NY,IN,705D6CF2,2017-05-26,BV,,reliabletrade.co,2019-01-27,Dynadot,1102 Systems Blvd,Frankville,NY,92071,Wendy Williams,wendy@reliabletrade.co,Pass,Onboarding,No,None,HorizonAnalytics,0.24,Registered,0.39,0.67,2421,5,,business_as_usual,Generated data record.,Commerzbank,8916980200,1
MRC-000086,CyberMerchants Pty Ltd,Consulting,OR,IN,2664EE3E,2021-09-06,Pty Ltd,,advancedlabs.io,2023-04-04,TransIP,2237 Connect Blvd,Ameliaville,OR,74004,Liam Moore,liam@advancedlabs.io,Review,Flagged,No,None,CyberMerchants,0.13,Pending,0.22,0.87,893,4,2.22.202.67|253.179.32.135|136.233.50.245,business_as_usual,Generated data record.,Bank of Nowhere,6084669090,1
MRC-000087,Advanced Ventures Ltd,Holdings,GA,DE,311A8E39,2018-11-24,Ltd,VAT12345,alphainnovations.io,2018-04-14,GoDaddy,2107 Solutions Ln,Ameliaville,GA,86585,Amelia Miller,amelia@alphainnovations.io,Pass,Pending Verification,No,None,GlobalSolutions,0.03,Registered,0.15,0.6,2709,5,,business_as_usual,Generated data record.,Chase Bank,1846773059,1
MRC-000088,QuantumPhishInvestments Inc,Solutions,OR,CA,EC7F3A49,2014-03-20,Inc,,shop-ventures.io,2022-03-22,Hostinger,2890 Group Rd,City of Services,OR,59425,Rachel Adams,drbpy@shop-ventures.io,Fail,Onboarding,No,None,Quantum Brand,0.37,None,0.72,0.21,1271,5,,impersonation_risk,Generated data record.,RBC Royal Bank,7389564324,0
MRC-000089,Visionary Enterprises Inc,,NV,AU,09A805A2,2006-10-24,Inc,,evergreentrade.org,2021-01-17,Dynadot,1885 Connect St,City of Investments,NV,76489,Linda Young,linda@evergreentrade.org,Pass,Active,No,None,InnovativeServices,0.1,None,0.06,0.66,1700,0,76.47.171.244|223.22.157.20,business_as_usual,Generated data record.,Santander,1671375707,1
MRC-000090,Vertex Enterprises PLC,Connect,NV,FR,53337433,2021-04-15,PLC,VAT98765,trustedconsulting.net,2021-03-08,Gandi,883 Merchants St,City of Partners,NV,69860,Yvonne Martin,yvonne@trustedconsulting.net,Review,Active,No,None,StrategicGroup,0.13,None,0.32,0.78,1650,3,52.211.83.12,brand_match,Generated data record.,Bank of America,2583974969,1
MRC-000091,SecureSolutions BV,,NY,NL,A8E8C6E1,2005-02-10,BV,,innovativeholdings.co,2016-05-06,Gandi,9130 Connect Crescent,Tinaville,NY,29077,Liam Gonzalez,liam@innovativeholdings.co,Fail,Onboarding,No,None,SecureSolutions,0.18,None,0.31,0.81,3417,2,,brand_match|domain_age_ok,Generated data record.,Santander,0126900180,1
MRC-000092,ApexOnlineSolutions Ltd,Merchants,WA,SG,81B9791C,2016-12-23,Ltd,,deals-ventures.org,2023-05-21,Dynadot,5579 Connect Blvd,Rachelville,WA,49463,Rachel Taylor,aoemy@deals-ventures.org,Fail,Onboarding,No,None,Apex Product,0.78,None,0.69,0.48,846,2,46.195.138.15|50.49.39.128,suspicious_domain,Generated data record.,No Bank,0000000000,0
MRC-000093,ReliableScamVentures PLC,,MN,DE,E52E570C,2012-02-03,PLC,,deals-ventures.org,2015-10-06,Dynadot,4866 Merchants Ave,City of Analytics,MN,24330,Peggy Allen,quugb@deals-ventures.org,Review,Flagged,Yes,EU Sanctions,Visionary Service,0.78,None,0.97,0.2,3630,0,,impersonation_risk|sanctions_match,Generated data record.,No Bank,0000000000,0
MRC-000094,MegaScamLogistics Inc,Connect,GA,US,458007B3,2017-08-28,Inc,,fake-ventures.net,2015-05-03,Scam Registrar,9356 Innovations Square,Tinaville,GA,07959,Ava Allen,dpodp@fake-ventures.net,Review,Flagged,No,None,Apex Product,0.35,None,0.84,0.37,3786,3,67.25.71.255|60.230.220.79|197.252.47.178,impersonation_risk|brand_match,Generated data record.,No Bank,0000000000,0
MRC-000095,StrategicMerchants PLC,,NV,DE,67E1CE2A,2008-05-21,PLC,,apexinnovations.net,2019-10-13,CrazyDomain,5711 Group Square,Steveville,NV,91509,Heidi Williams,moeit@apexinnovations.net,Review,Onboarding,No,None,Quick Product,0.38,None,0.78,0.19,2162,5,,impersonation_risk|brand_match,Generated data record.,No Bank,0000000000,0
MRC-000096,Strategic Trade Inc,Holdings,PA,GB,5EA22B8D,2014-04-10,Inc,,futuretech.net,2016-08-19,GoDaddy,1372 Analytics Ave,City of Group,PA,21297,William Davis,william@futuretech.net,Review,Active,No,None,AdvancedVentures,0.06,Pending,0.18,0.65,3312,2,67.1.48.199|157.131.45.164|53.12.150.123,brand_match,Generated data record.,Santander,6313853835,1
MRC-000097,Apex Innovations Corp,Services,NC,GB,A152BEA7,2009-12-08,Corp,,futurepartners.com,2023-11-30,TransIP,4940 Connect Ave,Avaville,NC,65379,Elijah Stewart,elijah@futurepartners.com,Fail,Flagged,No,None,PrimeTech,0.25,None,0.11,0.7,653,4,194.119.221.219|42.173.130.159,business_as_usual,Generated data record.,HSBC,1060467774,1
MRC-000098,Horizon Enterprises Inc,Systems,IL,FR,D48D32DB,2009-02-08,Inc,,futureinvestments.com,2018-02-09,TransIP,587 Services Blvd,Nancyville,IL,81044,Nancy Thompson,nancy@futureinvestments.com,Review,Pending Verification,No,None,CyberMerchants,0.09,Registered,0.33,0.76,2773,5,47.183.110.55,brand_match,Generated data record.,HSBC,3651447669,1
MRC-000099,Horizon Enterprises PLC,Services,WA,IN,EEE14E3E,2007-04-23,PLC,VAT12345,evergreenlogistics.com,2017-12-27,CrazyDomain,6776 Partners Way,City of Solutions,WA,03776,Charlie Harris,charlie@evergreenlogistics.com,Fail,Flagged,No,None,FuturePartners,0.11,Registered,0.38,0.9,2817,1,150.238.199.148|50.236.229.112|241.21.143.160,domain_age_ok,Generated data record.,Commerzbank,5526512783,1
MRC-000100,Prime Connect Ltd,Tech,NJ,FR,B0D67EDA,2005-01-05,Ltd,,solidenterprises.org,2022-11-26,Dynadot,369 Innovations Way,City of Ventures,NJ,83965,Frank Rodriguez,frank@solidenterprises.org,Fail,Flagged,No,None,CyberHoldings,0.17,None,0.08,0.76,1022,2,21.130.59.83,brand_match,Generated data record.,Commerzbank,8315705129,1
MRC-000101,Prime Partners PLC,Enterprises,PA,AU,7756201F,2023-10-07,PLC,,secureanalytics.io,2019-05-16,TransIP,924 Dynamics Rd,City of Systems,PA,91117,Frank Adams,frank@secureanalytics.io,Fail,Active,No,None,PrimeMerchants,0.22,Registered,0.28,0.75,2312,0,241.118.12.13|7.121.243.159|49.13.41.105,brand_match,Generated data record.,US Bank,4043477298,1
MRC-000102,AdvancedServices GmbH,Systems,GA,IN,A1E16C2B,2016-06-15,GmbH,VAT98765,megadynamics.org,2016-03-08,MarkMonitor,2944 Logistics Blvd,Elijahville,GA,89361,Ivan Mitchell,ivan@megadynamics.org,Review,Flagged,Yes,UN Sanctions,AdvancedServices,0.0,Pending,0.09,0.85,3476,1,103.60.170.29|189.244.223.12,sanctions_match,Generated data record.,BNP Paribas,6081300878,1
MRC-000103,InnovativeHoldings Pty Ltd,Dynamics,AZ,FR,F3A10091,2011-03-30,Pty Ltd,VAT12345,dynamicinvestments.co,2021-12-04,MarkMonitor,2416 Trade Blvd,City of Connect,AZ,37435,Rachel Lewis,rachel@dynamicinvestments.co,Fail,Flagged,No,None,InnovativeHoldings,0.26,Registered,0.06,0.72,1379,3,221.109.96.141,domain_age_ok,Generated data record.,US Bank,9058639901,1
MRC-000104,ApexEnterprises Pty Ltd,Innovations,GA,GB,76B0C5B8,2022-12-23,Pty Ltd,,online-merchants.net,2021-05-18,Dynadot,4996 Tech Blvd,City of Systems,GA,88802,Peggy Martin,fiahl@online-merchants.net,Review,Pending Verification,No,None,Horizon Product,0.89,None,0.97,0.53,1579,1,204.246.127.98|82.189.142.118,impersonation_risk|brand_match,Generated data record.,No Bank,0000000000,0
MRC-000105,ReliableLabs BV,Partners,MN,SG,AD98AD8F,2022-11-09,BV,,fake-group.org,2020-08-20,Dynadot,7314 Analytics Ln,Oliverville,MN,38425,Heidi Edwards,fopex@fake-group.org,Review,Flagged,No,None,Solid Product,0.95,None,0.53,0.51,1850,4,77.59.119.41,suspicious_domain,Generated data record.,No Bank,0000000000,0
MRC-000106,EvergreenHoldings Pty Ltd,,NC,CA,F8F7B02C,2013-02-08,Pty Ltd,,alphadynamics.io,2022-06-27,TransIP,5188 Connect Ln,Charlotteville,NC,09977,David Walker,david@alphadynamics.io,Review,Flagged,No,None,EvergreenHoldings,0.27,Registered,0.22,0.9,1174,2,121.77.159.187|244.136.81.100,business_as_usual,Generated data record.,Chase Bank,9754601246,1
MRC-000107,TrustedOnlineConsulting PLC,Innovations,FL,DE,EB0C5258,2017-08-02,PLC,,horizonlabs.com,2018-12-16,Dynadot,8556 Innovations Street,City of Systems,FL,50683,Charlotte Turner,amguc@horizonlabs.com,Fail,Onboarding,Yes,OFAC,Alpha Service,0.96,None,0.57,0.47,2463,5,212.149.250.122|215.24.48.119,sanctions_match|brand_match,Generated data record.,No Bank,0000000000,0
MRC-000108,DynamicHoldings PLC,Analytics,AZ,CA,CF2F90A7,2021-05-09,PLC,,reliablegroup.io,2022-09-01,CrazyDomain,8196 Systems Crescent,City of Trade,AZ,35208,Oscar Evans,shsor@reliablegroup.io,Fail,Pending Verification,Yes,OFAC,Trusted Brand,0.97,None,0.74,0.18,1108,5,,impersonation_risk|sanctions_match,Generated data record.,No Bank,0000000000,0
MRC-000109,Quantum Systems Ltd,Investments,NJ,JP,4368028F,2010-02-07,Ltd,,evergreentrade.com,2019-08-10,MarkMonitor,1516 Holdings St,Lindaville,NJ,02368,David Anderson,david@evergreentrade.com,Fail,Onboarding,No,None,InnovativeConnect,0.02,Pending,0.3,0.9,2226,0,58.51.121.118|89.44.56.222,business_as_usual,Generated data record.,US Bank,5648819402,1
MRC-000110,Visionary Innovations Ltd,Consulting,MN,DE,77B116E0,2022-03-01,Ltd,,horizoninvestments.co,2024-03-10,GoDaddy,75 Connect Ave,Elijahville,MN,90030,David Brown,david@horizoninvestments.co,Fail,Pending Verification,No,None,ReliablePartners,0.16,None,0.11,0.7,552,2,246.127.1.149|106.225.54.26|196.149.134.237,business_as_usual,Generated data record.,Santander,1961649731,1
MRC-000111,Apex Labs Corp,Systems,TX,IN,CDE6F2C8,2011-10-02,Corp,,visionarylogistics.org,2020-06-10,Dynadot,7909 Enterprises Crescent,City of Group,TX,57540,Heidi Jones,heidi@visionarylogistics.org,Fail,Active,No,None,MegaGroup,0.26,Registered,0.22,0.89,1921,3,90.167.234.203|243.164.213.16,business_as_usual,Generated data record.,Wells Fargo,2952005067,1
MRC-000112,PrimeTech Pty Ltd,Innovations,DE,SG,090FC610,2013-04-26,Pty Ltd,,vertexconsulting.net,2015-11-19,Gandi,647 Ventures Ave,Emmaville,DE,80444,Rachel Moore,rachel@vertexconsulting.net,Fail,Onboarding,No,None,PrimeTech,0.19,Registered,0.13,0.65,3586,2,170.239.221.28,business_as_usual,Generated data record.,Commerzbank,2602573870,1
MRC-000113,QuickLabs Pty Ltd,Dynamics,AZ,SG,4C36F439,2011-01-09,Pty Ltd,,quickinvestments.co,2021-01-25,Gandi,6086 Trade St,Sophiaville,AZ,82191,Bob Jackson,bob@quickinvestments.co,Review,Onboarding,No,None,QuickLabs,0.12,Registered,0.23,0.69,1692,2,56.231.18.210|74.52.89.134,brand_match|domain_age_ok,Generated data record.,BNP Paribas,1979422692,1
MRC-000114,ReliableDealzInvestments Pty Ltd,,CO,AU,8263D9DE,2013-12-16,Pty Ltd,,deals-analytics.io,2017-08-13,Scam Registrar,549 Group Crescent,City of Investments,CO,70567,Frank Martinez,frqvf@deals-analytics.io,Review,Onboarding,Yes,EU Sanctions,Solid Brand,0.49,None,0.61,0.43,2953,1,128.222.217.120,sanctions_match|brand_match|domain_age_ok,Generated data record.,No Bank,0000000000,0
MRC-000115,VisionaryServices GmbH,,NC,US,5A9F6F03,2017-10-05,GmbH,VAT12345,quicktech.org,2020-10-16,MarkMonitor,822 Services Crescent,Peggyville,NC,19640,Oliver Lee,oliver@quicktech.org,Pass,Active,No,None,VisionaryServices,0.12,Pending,0.14,0.63,1793,4,234.9.149.76|94.246.197.107,business_as_usual,Generated data record.,Chase Bank,0534354281,1
MRC-000116,Horizon Investments Corp,Analytics,CO,SG,5D9B587E,2005-01-30,Corp,,evergreenholdings.net,2019-03-26,Cloudflare,1371 Innovations Rd,Charlieville,CO,24649,Eve Smith,eve@evergreenholdings.net,Fail,Flagged,No,None,StrategicServices,0.24,None,0.19,0.85,2363,4,158.42.25.47|56.233.137.62|153.93.176.172,business_as_usual,Generated data record.,RBC Royal Bank,2210811919,1
MRC-000117,VertexVentures BV,Connect,NC,IN,557D3B0C,2010-12-24,BV,,soliddynamics.io,2022-10-03,GoDaddy,5261 Partners St,Charlotteville,NC,93171,Xavier Phillips,xavier@soliddynamics.io,Review,Onboarding,No,None,VertexVentures,0.02,Registered,0.29,0.91,1076,4,30.159.221.162|231.87.167.152|81.97.122.244,brand_match,Generated data record.,US Bank,9785177413,1
MRC-000118,StrategicDynamics BV,Labs,VA,US,ACD0A12A,2019-07-14,BV,VAT98765,horizonmerchants.com,2016-05-28,CrazyDomain,9932 Tech Street,Graceville,VA,23916,Ivan Taylor,ivan@horizonmerchants.com,Pass,Onboarding,No,None,StrategicDynamics,0.09,Pending,0.11,0.78,3395,2,,business_as_usual,Generated data record.,Wells Fargo,7389560939,1
MRC-000119,Cyber Analytics Corp,,NV,AU,3080E16A,2012-10-06,Corp,,innovativetech.org,2021-06-04,TransIP,9296 Labs Crescent,Heidiville,NV,43204,Ursula Martinez,ursula@innovativetech.org,Pass,Active,No,None,InnovativeDynamics,0.28,None,0.33,0.74,1562,1,185.75.71.85,brand_match,Generated data record.,Wells Fargo,7611605915,1
MRC-000120,Horizon Enterprises Corp,,CO,JP,7B3B0D10,2006-10-12,Corp,,securelabs.net,2017-06-24,MarkMonitor,7061 Merchants St,Frankville,CO,09312,Eve White,eve@securelabs.net,Fail,Onboarding,No,None,DynamicPartners,0.27,Pending,0.23,0.7,3003,4,96.119.26.156|58.9.58.190,business_as_usual,Generated data record.,Santander,9394215869,1
MRC-000121,AdvancedCryptoGroup PLC,Trade,AZ,CA,89545A38,2015-08-11,PLC,,securesolutions.co,2022-09-16,GoDaddy,8004 Services Crescent,Ivanville,AZ,20607,Michael Baker,owdpq@securesolutions.co,Review,Flagged,No,None,Alpha Product,0.37,None,0.62,0.46,1093,0,,domain_age_ok,Generated data record.,No Bank,0000000000,0
MRC-000122,Quantum Holdings Ltd,,MI,IN,6D4C525D,2013-03-11,Ltd,,megadynamics.io,2019-03-11,Gandi,3883 Consulting Square,Noahville,MI,64240,Kevin Perez,kevin@megadynamics.io,Pass,Active,No,None,StrategicAnalytics,0.0,Registered,0.12,0.73,2378,4,153.121.234.130|73.31.248.168|17.75.25.145,business_as_usual,Generated data record.,Chase Bank,0705933543,1
MRC-000123,Reliable Innovations PLC,Enterprises,OH,CA,B83FAA07,2006-10-13,PLC,,megaventures.org,2024-06-08,Namecheap,7099 Dynamics Rd,City of Group,OH,14797,Oliver Lewis,oliver@megaventures.org,Pass,Flagged,No,None,VisionaryEnterprises,0.06,Registered,0.17,0.7,462,3,194.19.147.3|110.201.155.30|205.184.222.199,business_as_usual,Generated data record.,Commerzbank,8271088151,1
MRC-000124,AdvancedLabs Pty Ltd,,VA,NL,0B4E4590,2012-02-20,Pty Ltd,,megaconsulting.org,2015-05-09,GoDaddy,4529 Consulting Rd,Graceville,VA,16943,Oliver Rodriguez,oliver@megaconsulting.org,Pass,Pending Verification,No,None,AdvancedLabs,0.19,Registered,0.34,0.74,3780,3,33.30.142.191,business_as_usual,Generated data record.,Wells Fargo,4527535920,1
MRC-000125,Alpha Holdings Corp,Consulting,NJ,GB,558C82A8,2015-10-02,Corp,VAT98765,futureinnovations.io,2019-12-05,Gandi,1490 Labs Ln,Ameliaville,NJ,49952,Noah Perez,noah@futureinnovations.io,Fail,Onboarding,No,None,DynamicTech,0.03,Pending,0.17,0.92,2109,0,,domain_age_ok,Generated data record.,Bank of Nowhere,7018287017,1
MRC-000126,HorizonPhishAnalytics LLC,Investments,TX,SG,B38CE64B,2020-06-07,LLC,,deals-partners.org,2020-10-30,Hostinger,7076 Merchants Way,Oscarville,TX,51668,David Turner,wwnou@deals-partners.org,Fail,Flagged,Yes,UN Sanctions,Trusted Brand,0.92,None,0.6,0.43,1779,5,115.139.192.93|105.229.64.203,sanctions_match|brand_match|domain_age_ok,Generated data record.,No Bank,0000000000,0
MRC-000127,Vertex Labs Corp,Innovations,NY,FR,6178C9F2,2007-08-08,Corp,VAT98765,reliablepartners.org,2019-09-11,Namecheap,6644 Analytics Street,City of Trade,NY,45693,Zack Martin,zack@reliablepartners.org,Review,Active,Yes,EU Sanctions,QuantumPartners,0.11,Pending,0.32,0.85,2194,1,35.94.70.218|100.167.47.160,sanctions_match,Generated data record.,RBC Royal Bank,0154784295,1
MRC-000128,MegaMerchants GmbH,Analytics,MN,NL,F58CAB1F,2013-02-15,GmbH,,horizonanalytics.net,2017-08-19,CrazyDomain,3416 Holdings Crescent,Yvonneville,MN,74628,Alice Lopez,alice@horizonanalytics.net,Review,Pending Verification,No,None,MegaMerchants,0.04,Pending,0.36,0.71,2947,5,,business_as_usual,Generated data record.,Wells Fargo,4863269017,1
MRC-000129,CyberGroup Inc,Holdings,MA,JP,6517F493,2018-05-22,Inc,,online-enterprises.info,2018-04-04,Dynadot,2470 Tech Street,City of Merchants,MA,62905,Sophia Young,nccjn@online-enterprises.info,Fail,Pending Verification,No,None,Mega Brand,0.59,None,0.85,0.46,2719,0,221.140.141.5|116.62.190.139,impersonation_risk|domain_age_ok,Generated data record.,Santander,5681347730,0
MRC-000130,AdvancedMerchants BV,Group,MA,GB,FB397E98,2023-06-06,BV,VAT98765,innovativelabs.io,2019-03-02,TransIP,2293 Connect Square,Liamville,MA,04296,Ava Clark,ava@innovativelabs.io,Pass,Pending Verification,No,None,AdvancedMerchants,0.06,None,0.06,0.74,2387,4,170.216.0.192,business_as_usual,Generated data record.,Bank of Nowhere,9261000686,1
MRC-000131,Cyber Holdings Inc,Enterprises,NV,AU,5724E01C,2007-07-04,Inc,,innovativeinvestments.co,2024-03-20,CrazyDomain,9902 Logistics Street,City of Services,NV,82318,Bob Clark,bob@innovativeinvestments.co,Fail,Onboarding,No,None,StrategicInnovations,0.13,Pending,0.06,0.77,542,1,78.68.111.160|61.118.157.224,business_as_usual,Generated data record.,HSBC,1029954582,1
MRC-000132,SecureLabs GmbH,Trade,FL,DE,62270C21,2009-05-31,GmbH,,globallabs.org,2018-04-04,TransIP,8021 Innovations St,Xavierville,FL,52557,Sophia Smith,sophia@globallabs.org,Fail,Pending Verification,No,None,SecureLabs,0.03,Pending,0.2,0.69,2719,3,140.243.5.21,business_as_usual,Generated data record.,HSBC,0672077135,1
MRC-000133,MegaMoneySolutions PLC,Solutions,NY,FR,D12F32BC,2019-09-24,PLC,,shop-trade.io,2019-03-25,Scam Registrar,6992 Investments Square,City of Tech,NY,76173,Sophia Campbell,drgpm@shop-trade.io,Review,Onboarding,No,None,Prime Product,0.48,None,0.73,0.54,2364,2,13.171.222.102,impersonation_risk,Generated data record.,No Bank,0000000000,0
MRC-000134,Quantum Solutions LLC,,OR,DE,BF5E767C,2015-01-20,LLC,,cyberinnovations.net,2017-06-02,GoDaddy,8551 Dynamics Blvd,Noahville,OR,83465,Quentin Brown,quentin@cyberinnovations.net,Review,Active,Yes,UN Sanctions,InnovativeConsulting,0.1,Registered,0.39,0.63,3025,1,119.165.204.35|221.81.39.134,sanctions_match,Generated data record.,RBC Royal Bank,1435098138,1
MRC-000135,MegaLogistics BV,Holdings,IL,CA,E7168CCF,2009-08-11,BV,,buy-consulting.org,2015-05-21,Dynadot,3951 Solutions Blvd,Nancyville,IL,25604,Linda Allen,isbtd@buy-consulting.org,Fail,Flagged,Yes,EU Sanctions,Prime Service,0.53,None,0.67,0.58,3768,1,247.129.1.200,sanctions_match|brand_match,Generated data record.,No Bank,0000000000,0
MRC-000136,SecureMoneySystems Corp,Merchants,MI,NL,156C7E66,2023-09-01,Corp,,primeenterprises.net,2016-01-15,CrazyDomain,4034 Analytics Rd,Eveville,MI,16214,Amelia Evans,hzces@primeenterprises.net,Fail,Onboarding,Yes,OFAC,Advanced Brand,0.93,None,0.92,0.48,3529,0,163.54.210.242|13.190.108.60,impersonation_risk|sanctions_match|brand_match,Generated data record.,Citibank,9448381197,0
MRC-000137,PrimeMoneyTrade Inc,Connect,NV,DE,745F934C,2011-01-28,Inc,,shop-innovations.com,2015-04-13,Dynadot,4660 Systems St,Michaelville,NV,54726,Xavier Miller,exthm@shop-innovations.com,Fail,Flagged,Yes,UN Sanctions,Vertex Service,0.72,None,0.52,0.43,3806,1,,sanctions_match|brand_match|domain_age_ok,Generated data record.,Citibank,4436212667,0
MRC-000138,AlphaConsulting PLC,Enterprises,NJ,FR,88E8C4E0,2020-07-09,PLC,,strategicenterprises.info,2023-02-28,TransIP,1330 Enterprises Ave,Williamville,NJ,58087,Michael Harris,gwfud@strategicenterprises.info,Fail,Pending Verification,Yes,EU Sanctions,Strategic Service,0.91,None,0.81,0.25,928,3,43.200.186.166,impersonation_risk|sanctions_match,Generated data record.,No Bank,0000000000,0
MRC-000139,Quick Investments LLC,Connect,CO,DE,C2109211,2008-12-28,LLC,VAT12345,globalconsulting.co,2017-01-13,MarkMonitor,8456 Labs Crescent,Quentinville,CO,76421,Victor Anderson,victor@globalconsulting.co,Pass,Pending Verification,No,None,PrimeConnect,0.29,None,0.37,0.61,3165,3,,business_as_usual,Generated data record.,US Bank,2925460461,1
MRC-000140,Trusted Ventures Corp,Trade,VA,NL,41ACAB2C,2010-04-27,Corp,,strategicinvestments.io,2019-01-06,TransIP,5045 Logistics St,Avaville,VA,16378,Ivan Phillips,ivan@strategicinvestments.io,Review,Flagged,No,None,FutureGroup,0.29,Registered,0.14,0.78,2442,2,233.5.191.93|121.169.37.225|150.96.16.131,business_as_usual,Generated data record.,HSBC,4007065147,1
MRC-000141,DynamicCryptoPartners Corp,Analytics,CO,AU,EAB28150,2011-11-09,Corp,,visionarypartners.com,2022-01-18,MarkMonitor,708 Logistics Crescent,Peggyville,CO,70737,Charlie Allen,ddysi@visionarypartners.com,Fail,Flagged,No,None,Secure Brand,0.44,None,0.7,0.42,1334,4,,suspicious_domain,Generated data record.,No Bank,0000000000,0
MRC-000142,DynamicTech GmbH,Group,FL,US,73F8F282,2019-09-18,GmbH,,vertexservices.com,2019-06-21,Dynadot,3530 Logistics Crescent,Kevinville,FL,26225,Kevin Smith,kevin@vertexservices.com,Fail,Active,No,None,DynamicTech,0.02,None,0.32,0.91,2276,4,,brand_match,Generated data record.,Santander,8215534839,1
MRC-000143,AlphaCryptoSystems Pty Ltd,,NV,FR,514972AE,2008-03-27,Pty Ltd,,buy-partners.co,2020-02-21,Hostinger,6354 Consulting Crescent,Quentinville,NV,02712,Sophia Garcia,pfraf@buy-partners.co,Fail,Pending Verification,Yes,UN Sanctions,Prime Brand,0.83,None,0.63,0.54,2031,0,222.234.159.135|171.183.159.83,sanctions_match,Generated data record.,Santander,3459003343,0
MRC-000144,Alpha Analytics LLC,Trade,NY,SG,4BEF1646,2022-11-13,LLC,,advancedtrade.co,2020-07-19,MarkMonitor,4035 Holdings Rd,City of Consulting,NY,37144,Eve Jackson,eve@advancedtrade.co,Fail,Active,No,None,TrustedMerchants,0.29,None,0.18,0.63,1882,3,,brand_match|domain_age_ok,Generated data record.,Bank of Nowhere,2996402547,1
MRC-000145,Cyber Labs LLC,Dynamics,FL,AU,1A57551B,2010-11-07,LLC,VAT98765,reliablesystems.net,2018-03-17,GoDaddy,6037 Trade Way,City of Enterprises,FL,07951,Xavier Stewart,xavier@reliablesystems.net,Fail,Pending Verification,No,None,EvergreenSystems,0.23,None,0.09,0.74,2737,0,203.103.251.36|117.211.183.224,business_as_usual,Generated data record.,Wells Fargo,9853259757,1
MRC-000146,SecureLogistics Pty Ltd,,GA,FR,AEB530C2,2009-04-12,Pty Ltd,,evergreengroup.co,2016-09-18,Dynadot,1522 Ventures Blvd,City of Dynamics,GA,17915,Oliver Thomas,oliver@evergreengroup.co,Review,Flagged,No,None,SecureLogistics,0.04,Registered,0.23,0.8,3282,2,171.204.137.113|150.204.128.245,business_as_usual,Generated data record.,Bank of America,4513125505,1
MRC-000147,DynamicLogistics Pty Ltd,Innovations,CO,SG,78AA491F,2013-03-06,Pty Ltd,VAT98765,cybersystems.com,2016-09-05,TransIP,1774 Consulting Blvd,Rachelville,CO,18608,Charlotte Adams,charlotte@cybersystems.com,Fail,Onboarding,No,None,DynamicLogistics,0.3,Registered,0.4,0.82,3295,0,22.156.253.74|165.239.67.136|3.238.189.22,domain_age_ok,Generated data record.,Santander,5133698453,1
MRC-000148,Reliable Innovations PLC,Consulting,OH,FR,AD55B02D,2020-10-09,PLC,,cyberholdings.co,2019-07-02,Namecheap,6410 Consulting Ln,Wendyville,OH,84955,James Stewart,james@cyberholdings.co,Fail,Onboarding,No,None,ApexTrade,0.24,Registered,0.23,0.92,2265,4,159.216.50.117|98.115.238.53,business_as_usual,Generated data record.,US Bank,4736135332,1
MRC-000149,TrustedDealzSolutions PLC,Tech,NJ,US,64C314D7,2007-07-28,PLC,,scam-merchants.org,2016-02-09,Scam Registrar,559 Systems Ln,Elijahville,NJ,92975,Michael Green,zcxiv@scam-merchants.org,Review,Flagged,No,None,Dynamic Service,0.65,None,0.88,0.27,3504,3,136.148.125.139|14.194.38.59,impersonation_risk,Generated data record.,Santander,7621865245,0
MRC-000150,Secure Logistics Inc,Logistics,FL,US,5DCE5BA4,2018-08-22,Inc,,innovativetrade.co,2023-06-28,MarkMonitor,4216 Labs Square,Ivanville,FL,59571,Emma Smith,emma@innovativetrade.co,Review,Onboarding,Yes,EU Sanctions,TrustedConnect,0.01,None,0.17,0.82,808,1,136.44.240.236,sanctions_match,Generated data record.,Bank of Nowhere,8274026226,1
MRC-000151,VertexConnect BV,,PA,NL,0FACE17F,2022-07-22,BV,,quantumtech.co,2018-07-16,GoDaddy,9268 Trade Square,Ursulaville,PA,03448,Oscar Miller,oscar@quantumtech.co,Fail,Flagged,No,None,VertexConnect,0.16,Registered,0.33,0.61,2616,3,86.117.215.169|195.138.37.202,business_as_usual,Generated data record.,Santander,4039237014,1
MRC-000152,SecureConnect PLC,Logistics,NJ,IN,153680AE,2020-02-02,PLC,,buy-tech.co,2016-01-24,Hostinger,1313 Services Ln,City of Connect,NJ,28414,Alice Thompson,ckwak@buy-tech.co,Review,Onboarding,No,None,Solid Service,0.94,None,0.85,0.35,3520,3,,impersonation_risk|brand_match,Generated data record.,No Bank,0000000000,0
MRC-000153,HorizonLabs GmbH,Ventures,WA,JP,BD35B3C3,2011-09-23,GmbH,,scam-solutions.org,2015-12-13,Dynadot,1440 Analytics Way,Heidiville,WA,75496,Alice Smith,nwdsi@scam-solutions.org,Review,Onboarding,No,None,Trusted Product,0.61,None,0.55,0.19,3562,5,243.199.90.24|101.103.200.124|41.207.134.58,suspicious_domain,Generated data record.,No Bank,0000000000,0
MRC-000154,ReliableInnovations Ltd,Labs,DE,FR,C89A0596,2015-09-24,Ltd,,deals-systems.io,2022-08-20,Dynadot,9237 Partners Rd,Nancyville,DE,85314,Charlie Thomas,nuecm@deals-systems.io,Review,Pending Verification,No,None,Reliable Service,0.43,None,0.84,0.18,1120,1,234.203.143.185|239.102.24.154|30.232.196.104,impersonation_risk,Generated data record.,No Bank,0000000000,0
MRC-000155,SecureMoneyLogistics BV,,CA,GB,73D4719E,2021-10-12,BV,,apexanalytics.io,2024-01-31,GoDaddy,8661 Merchants St,City of Solutions,CA,08370,Charlie Perez,ivjfc@apexanalytics.io,Review,Flagged,Yes,EU Sanctions,Future Service,0.88,None,0.83,0.49,591,2,143.127.75.112|167.200.155.107|87.223.109.238,impersonation_risk|sanctions_match,Generated data record.,No Bank,0000000000,0
MRC-000156,PrimeTrade GmbH,Dynamics,VA,AU,9BBFF639,2005-02-07,GmbH,,cyberinnovations.net,2019-04-25,CrazyDomain,6105 Group Ln,Noahville,VA,26410,Ava Allen,ava@cyberinnovations.net,Fail,Flagged,No,None,PrimeTrade,0.23,None,0.34,0.85,2333,0,,brand_match,Generated data record.,HSBC,2670037997,1
MRC-000157,ReliableDealzDynamics BV,Logistics,FL,JP,0CE2D8AA,2014-05-24,BV,,buy-connect.org,2015-01-23,Dynadot,6508 Labs Square,Jamesville,FL,54549,Ava Nelson,xzwod@buy-connect.org,Review,Onboarding,No,None,Global Brand,0.35,None,0.78,0.37,3886,1,,impersonation_risk|brand_match,Generated data record.,No Bank,0000000000,0
MRC-000158,Visionary Enterprises Ltd,Analytics,IL,SG,B2311429,2020-12-02,Ltd,,futureventures.io,2017-04-13,Gandi,1705 Solutions Rd,Zackville,IL,66310,Xavier Perez,xavier@futureventures.io,Review,Active,No,None,TrustedLogistics,0.18,Registered,0.33,0.88,3075,4,87.215.176.87,brand_match,Generated data record.,RBC Royal Bank,7222558743,1
MRC-000159,InnovativePartners GmbH,,MA,JP,FE15B138,2018-11-30,GmbH,,apexconsulting.co,2016-06-18,Namecheap,3928 Ventures Street,City of Trade,MA,33715,Alice Walker,alice@apexconsulting.co,Review,Onboarding,No,None,InnovativePartners,0.0,None,0.16,0.94,3374,1,,business_as_usual,Generated data record.,Citibank,0316156778,1
MRC-000160,Alpha Logistics LLC,Holdings,WA,GB,465CF6BF,2013-05-04,LLC,,visionarytech.co,2017-01-08,Cloudflare,4971 Enterprises Street,Ursulaville,WA,43526,Rachel Lewis,rachel@visionarytech.co,Review,Active,No,None,VertexMerchants,0.07,Pending,0.14,0.69,3170,4,,business_as_usual,Generated data record.,HSBC,9687984015,1
MRC-000161,AdvancedGroup GmbH,Holdings,VA,AU,CA0D581E,2012-04-05,GmbH,,vertexventures.co,2021-04-17,Gandi,4839 Systems Ave,City of Enterprises,VA,09817,Olivia Thomas,olivia@vertexventures.co,Fail,Onboarding,No,None,AdvancedGroup,0.0,Registered,0.06,0.74,1610,2,150.215.41.195,domain_age_ok,Generated data record.,Citibank,3644611166,1
MRC-000162,Alpha Systems Inc,Enterprises,NV,JP,3BCE5A6B,2016-10-05,Inc,VAT98765,trustedpartners.org,2022-04-01,Namecheap,4748 Tech Ln,Heidiville,NV,77914,James Anderson,james@trustedpartners.org,Review,Onboarding,No,None,CyberConnect,0.16,None,0.24,0.91,1261,3,,domain_age_ok,Generated data record.,Wells Fargo,4639744697,1
MRC-000163,Trusted Labs PLC,,IL,NL,59EAE3C5,2017-09-15,PLC,,visionarytech.co,2017-04-09,Namecheap,3903 Consulting Ln,Tinaville,IL,17413,Emma Phillips,emma@visionarytech.co,Pass,Active,No,None,AlphaConsulting,0.03,None,0.06,0.71,3079,4,,business_as_usual,Generated data record.,BNP Paribas,5544936935,1
MRC-000164,SecureDealzConnect Corp,Investments,PA,US,8DC5E3F3,2012-10-19,Corp,,shop-partners.io,2024-02-20,Scam Registrar,7049 Services Ln,City of Labs,PA,91396,David Miller,mzgcb@shop-partners.io,Review,Pending Verification,No,None,Horizon Product,0.55,None,0.51,0.1,571,4,,suspicious_domain,Generated data record.,No Bank,0000000000,0
MRC-000165,ApexEnterprises GmbH,Dynamics,NY,AU,B90ED497,2020-02-16,GmbH,,fake-systems.co,2019-10-01,Dynadot,3400 Consulting Way,Rachelville,NY,75544,Ivan Phillips,xcnaq@fake-systems.co,Fail,Flagged,Yes,EU Sanctions,Future Brand,0.93,None,0.91,0.32,2174,5,195.239.189.226|195.25.76.20,impersonation_risk|sanctions_match,Generated data record.,Wells Fargo,2046197124,0
MRC-000166,SecureHoldings BV,Investments,OH,US,9EE6EB53,2007-12-18,BV,,buy-trade.io,2020-08-24,Hostinger,5788 Connect Street,Kevinville,OH,08259,Rachel Robinson,becvk@buy-trade.io,Review,Pending Verification,No,None,Apex Product,0.57,None,0.65,0.51,1846,1,,suspicious_domain,Generated data record.,Commerzbank,1096694691,0
MRC-000167,Dynamic Investments Ltd,Services,NY,AU,CBDB3F35,2006-09-04,Ltd,VAT12345,dynamicgroup.co,2017-05-14,TransIP,8696 Logistics Blvd,City of Investments,NY,29924,Wendy Parker,wendy@dynamicgroup.co,Pass,Pending Verification,No,None,StrategicLogistics,0.2,None,0.39,0.7,3044,4,70.144.132.2|20.170.4.11|98.35.163.235,business_as_usual,Generated data record.,Bank of Nowhere,6127492239,1
MRC-000168,AlphaMerchants Pty Ltd,Solutions,PA,IN,883F9DEB,2005-03-22,Pty Ltd,,evergreenenterprises.org,2015-01-30,CrazyDomain,4405 Partners Crescent,Yvonneville,PA,76299,Quentin Smith,quentin@evergreenenterprises.org,Pass,Active,No,None,AlphaMerchants,0.13,Registered,0.23,0.81,3879,1,,domain_age_ok,Generated data record.,Chase Bank,1579894078,1
MRC-000169,Cyber Investments Corp,Trade,WA,GB,8059DE66,2023-03-04,Corp,,quantumconsulting.com,2023-08-20,Dynadot,5460 Labs Crescent,Charlieville,WA,87755,Quentin Edwards,quentin@quantumconsulting.com,Fail,Active,No,None,PrimeTech,0.03,None,0.37,0.71,755,4,221.234.71.152|176.162.48.170|154.158.181.106,business_as_usual,Generated data record.,Wells Fargo,3965587584,1
MRC-000170,Future Holdings LLC,,NY,JP,ADDAE13A,2018-05-07,LLC,,horizonanalytics.co,2020-09-29,Namecheap,5666 Solutions Rd,Elijahville,NY,76445,Oliver Brown,oliver@horizonanalytics.co,Pass,Pending Verification,No,None,EvergreenDynamics,0.22,None,0.21,0.88,1810,1,158.175.217.190|123.210.80.182|157.58.18.115,business_as_usual,Generated data record.,BNP Paribas,2248557890,1
MRC-000171,GlobalPartners GmbH,Tech,PA,IN,7C0339ED,2009-01-16,GmbH,,scam-solutions.com,2017-11-25,Hostinger,781 Partners Square,Xavierville,PA,06437,Liam Garcia,yqwqh@scam-solutions.com,Review,Pending Verification,Yes,OFAC,Quick Product,0.61,None,0.75,0.51,2849,1,,impersonation_risk|sanctions_match|brand_match,Generated data record.,No Bank,0000000000,0
MRC-000172,PrimeConnect GmbH,Tech,MA,IN,3696CD1C,2020-08-03,GmbH,VAT12345,futurelabs.net,2024-01-06,CrazyDomain,2202 Merchants Square,City of Tech,MA,23494,Michael Taylor,michael@futurelabs.net,Review,Flagged,No,None,PrimeConnect,0.24,Registered,0.09,0.64,616,5,46.193.173.7|125.11.148.195,business_as_usual,Generated data record.,Wells Fargo,6493907520,1
MRC-000173,HorizonTech Pty Ltd,Labs,MN,JP,E178D2D3,2013-04-20,Pty Ltd,,solidmerchants.co,2015-05-13,GoDaddy,7560 Consulting St,Williamville,MN,67367,Victor Turner,victor@solidmerchants.co,Review,Active,No,None,HorizonTech,0.24,None,0.37,0.75,3776,5,216.189.41.226,domain_age_ok,Generated data record.,Wells Fargo,0840722448,1
MRC-000174,PrimeLabs Inc,Systems,IL,US,BAC8DDA2,2007-04-12,Inc,,online-investments.io,2015-02-28,Hostinger,9595 Group Ln,City of Group,IL,30994,Quentin Edwards,cdljr@online-investments.io,Fail,Flagged,No,None,Secure Brand,0.89,None,0.57,0.42,3850,2,22.53.192.133,suspicious_domain,Generated data record.,No Bank,0000000000,0
MRC-000175,GlobalOnlineConsulting Pty Ltd,Partners,NY,JP,27D60147,2016-02-03,Pty Ltd,,deals-services.net,2016-01-05,Hostinger,4031 Investments Street,City of Services,NY,56731,Ivan Hill,zimhh@deals-services.net,Review,Onboarding,No,None,Vertex Product,0.65,None,0.78,0.18,3539,0,,impersonation_risk|domain_age_ok,Generated data record.,No Bank,0000000000,0
MRC-000176,ReliableDynamics Inc,Investments,MN,US,33F5C084,2012-10-03,Inc,,advancedinnovations.io,2023-08-04,CrazyDomain,6763 Partners Ln,City of Investments,MN,41030,Michael Walker,mazar@advancedinnovations.io,Fail,Flagged,Yes,UN Sanctions,Global Brand,0.4,None,0.85,0.54,771,4,196.133.17.67,impersonation_risk|sanctions_match,Generated data record.,No Bank,0000000000,0
MRC-000177,TrustedInvestments BV,Systems,CA,SG,F07B14FA,2012-09-21,BV,,visionarytrade.co,2021-01-01,Gandi,6661 Merchants Way,Emmaville,CA,77788,Michael Anderson,michael@visionarytrade.co,Pass,Active,No,None,TrustedInvestments,0.09,None,0.1,0.86,1716,4,68.1.23.16|177.102.227.253,domain_age_ok,Generated data record.,Bank of America,3548116855,1
MRC-000178,Strategic Innovations Inc,Investments,FL,CA,F4527853,2007-08-24,Inc,,primetech.org,2018-02-11,TransIP,873 Enterprises Square,City of Systems,FL,53341,Grace Garcia,grace@primetech.org,Pass,Flagged,No,None,EvergreenAnalytics,0.07,None,0.23,0.62,2771,0,0.103.215.53,business_as_usual,Generated data record.,Bank of Nowhere,3665405352,1
MRC-000179,StrategicVentures BV,,MN,DE,DE980883,2017-10-03,BV,,buy-enterprises.biz,2022-02-02,Dynadot,2741 Services Blvd,Yvonneville,MN,86295,Alice Brown,pjvzx@buy-enterprises.biz,Review,Flagged,No,None,Trusted Brand,0.37,None,0.88,0.18,1319,2,,impersonation_risk,Generated data record.,No Bank,0000000000,0
MRC-000180,Visionary Solutions PLC,Innovations,DE,US,C83CCB55,2012-03-21,PLC,,quickconsulting.org,2019-02-03,Cloudflare,564 Merchants Crescent,Quentinville,DE,14752,Rachel Green,rachel@quickconsulting.org,Review,Onboarding,No,None,AlphaInnovations,0.05,None,0.2,0.68,2414,0,,business_as_usual,Generated data record.,Commerzbank,0673158870,1
MRC-000181,Vertex Partners Ltd,Trade,VA,AU,D6DD330F,2016-12-08,Ltd,,futureventures.io,2023-09-26,Cloudflare,5433 Innovations Blvd,Elijahville,VA,40537,Grace Harris,grace@futureventures.io,Review,Pending Verification,No,None,DynamicVentures,0.01,Registered,0.3,0.77,718,1,,business_as_usual,Generated data record.,BNP Paribas,8074366303,1
MRC-000182,Innovative Investments Ltd,Services,DE,IN,6A9A87FD,2022-02-21,Ltd,,cyberinvestments.io,2019-02-23,Cloudflare,7415 Enterprises Blvd,Graceville,DE,13928,Eve Brown,eve@cyberinvestments.io,Pass,Active,No,None,VertexLogistics,0.27,None,0.21,0.81,2394,0,,domain_age_ok,Generated data record.,BNP Paribas,6754348049,1
MRC-000183,Quick Solutions PLC,,CO,NL,368FCD12,2014-11-20,PLC,,globalpartners.net,2018-05-11,MarkMonitor,7599 Solutions Rd,City of Innovations,CO,35050,Oscar Roberts,oscar@globalpartners.net,Review,Pending Verification,Yes,EU Sanctions,FutureDynamics,0.18,None,0.11,0.76,2682,1,23.165.34.219,sanctions_match|brand_match,Generated data record.,Citibank,1458928102,1
MRC-000184,PrimeInvestments GmbH,Dynamics,AZ,AU,9655E956,2011-06-10,GmbH,,reliableenterprises.org,2019-08-19,GoDaddy,2127 Group Street,Charlotteville,AZ,54915,Charlotte Brown,charlotte@reliableenterprises.org,Pass,Pending Verification,Yes,OFAC,PrimeInvestments,0.29,None,0.39,0.6,2217,3,150.108.167.205|140.173.84.210,sanctions_match,Generated data record.,BNP Paribas,4779451366,1
MRC-000185,EvergreenInvestments BV,Partners,NJ,FR,2D67DA32,2005-05-27,BV,,trustedlogistics.io,2015-12-06,GoDaddy,5046 Connect Blvd,Charlieville,NJ,25953,Peggy Miller,peggy@trustedlogistics.io,Review,Onboarding,Yes,EU Sanctions,EvergreenInvestments,0.3,None,0.29,0.61,3569,3,,sanctions_match,Generated data record.,BNP Paribas,3414941123,1
MRC-000186,QuantumDynamics GmbH,Group,TX,US,ADCA38BC,2014-10-05,GmbH,,securetrade.org,2019-04-16,TransIP,5174 Merchants Blvd,Frankville,TX,15617,Amelia Mitchell,amelia@securetrade.org,Pass,Active,No,None,QuantumDynamics,0.1,Pending,0.4,0.62,2342,1,,brand_match,Generated data record.,Citibank,9947963197,1
MRC-000187,Quick Partners Inc,Labs,WA,CA,78D27EFA,2023-05-10,Inc,,globalventures.org,2019-10-03,Namecheap,423 Dynamics Ln,Aliceville,WA,35535,Heidi Phillips,heidi@globalventures.org,Pass,Pending Verification,No,None,VisionaryConnect,0.22,Pending,0.39,0.66,2172,0,33.73.3.76|91.185.81.251|176.125.41.213,domain_age_ok,Generated data record.,Santander,8187016075,1
MRC-000188,CyberTech Inc,Services,FL,IN,1B4277CE,2013-08-06,Inc,,deals-dynamics.io,2018-04-06,Scam Registrar,6431 Innovations St,Wendyville,FL,61415,Victor Hill,zgrwv@deals-dynamics.io,Review,Onboarding,Yes,UN Sanctions,Visionary Product,0.95,None,0.84,0.2,2717,4,144.146.0.223|42.14.151.235,impersonation_risk|sanctions_match,Generated data record.,Bank of America,1327598929,0
MRC-000189,Strategic Logistics PLC,,DE,DE,D64B7421,2019-02-22,PLC,,quantumventures.com,2016-08-16,Namecheap,9787 Ventures Blvd,City of Merchants,DE,16799,Ursula Stewart,ursula@quantumventures.com,Pass,Active,No,None,InnovativeLogistics,0.09,Registered,0.22,0.73,3315,4,67.182.146.23|20.7.46.162|253.182.231.201,business_as_usual,Generated data record.,HSBC,9698582806,1
MRC-000190,DynamicOnlineConnect GmbH,Group,GA,JP,A1D001E5,2009-03-02,GmbH,,shop-labs.net,2022-05-27,Dynadot,9947 Holdings Blvd,Wendyville,GA,58002,Eve Young,jkxml@shop-labs.net,Fail,Onboarding,No,None,Visionary Brand,0.58,None,0.71,0.57,1205,3,2.175.208.35,impersonation_risk,Generated data record.,No Bank,0000000000,0
MRC-000191,AdvancedMerchants GmbH,Tech,AZ,SG,FD768D42,2022-04-02,GmbH,,reliablesolutions.com,2019-11-21,Cloudflare,8196 Ventures Crescent,City of Connect,AZ,40166,Heidi Lopez,uudri@reliablesolutions.com,Fail,Onboarding,No,None,Strategic Service,0.93,None,0.7,0.33,2123,3,77.0.96.248,suspicious_domain,Generated data record.,No Bank,0000000000,0
MRC-000192,FutureSolutions GmbH,,OH,CA,0AF2E49E,2017-03-09,GmbH,,cyberpartners.io,2022-02-19,Dynadot,101 Merchants Ave,Rachelville,OH,34279,Michael Taylor,michael@cyberpartners.io,Fail,Pending Verification,No,None,FutureSolutions,0.24,None,0.23,0.76,1302,4,219.79.220.7,domain_age_ok,Generated data record.,BNP Paribas,4441858220,1
MRC-000193,Global Investments Inc,Partners,NC,DE,1988EBFA,2011-11-12,Inc,VAT98765,horizonholdings.com,2015-02-25,Dynadot,289 Systems Ave,Quentinville,NC,08404,Elijah Martinez,elijah@horizonholdings.com,Pass,Flagged,No,None,ApexSystems,0.02,Pending,0.15,0.82,3853,1,83.228.112.255|11.139.254.44,business_as_usual,Generated data record.,US Bank,4960289480,1
MRC-000194,EvergreenConnect Pty Ltd,,MA,NL,1F2E824F,2007-05-12,Pty Ltd,,horizonanalytics.io,2023-08-24,Namecheap,5539 Solutions Way,City of Consulting,MA,88167,Oscar Perez,oscar@horizonanalytics.io,Review,Pending Verification,No,None,EvergreenConnect,0.02,None,0.09,0.94,751,4,52.204.54.64|44.240.178.242|118.141.105.70,business_as_usual,Generated data record.,Commerzbank,8704714641,1
MRC-000195,Reliable Holdings PLC,,NC,JP,80129E94,2016-01-12,PLC,,globaltrade.com,2015-01-07,CrazyDomain,9734 Enterprises Square,Kevinville,NC,21511,Xavier Campbell,xavier@globaltrade.com,Pass,Onboarding,No,None,CyberDynamics,0.24,None,0.08,0.89,3902,1,,business_as_usual,Generated data record.,Bank of Nowhere,9707326670,1
MRC-000196,Quick Consulting LLC,,MI,SG,30CED96E,2015-03-18,LLC,VAT12345,primesolutions.org,2024-03-15,CrazyDomain,8331 Consulting Ave,Lindaville,MI,56644,Linda Martin,linda@primesolutions.org,Review,Active,No,None,StrategicTech,0.12,Pending,0.09,0.94,547,2,238.157.187.129|207.169.184.95|144.92.96.139,business_as_usual,Generated data record.,HSBC,7681347847,1
MRC-000197,Cyber Services PLC,,FL,SG,917770C1,2006-11-22,PLC,,dynamicsolutions.org,2018-09-09,Namecheap,3297 Solutions St,Aliceville,FL,71584,Liam Brown,liam@dynamicsolutions.org,Review,Pending Verification,Yes,EU Sanctions,DynamicInnovations,0.04,None,0.16,0.75,2561,3,60.19.174.134,sanctions_match|brand_match,Generated data record.,Santander,7925826411,1
MRC-000198,GlobalPhishGroup PLC,,NC,SG,B3FA5E5E,2006-12-08,PLC,,online-consulting.co,2018-01-08,Scam Registrar,610 Labs Street,Frankville,NC,59634,Noah Jackson,yaooq@online-consulting.co,Fail,Onboarding,No,None,Strategic Product,0.73,None,0.56,0.17,2805,0,5.210.156.34,suspicious_domain,Generated data record.,No Bank,0000000000,0
MRC-000199,MegaMerchants PLC,,TX,JP,8C97E7FB,2020-10-14,PLC,,shop-group.org,2018-12-01,Dynadot,251 Services Square,City of Tech,TX,85285,Judy Williams,kupbi@shop-group.org,Fail,Onboarding,Yes,EU Sanctions,Secure Service,0.45,None,0.64,0.13,2478,4,,sanctions_match,Generated data record.,No Bank,0000000000,0
MRC-000200,PrimeAnalytics Ltd,,OH,SG,A079B30A,2008-02-23,Ltd,,solidconnect.org,2015-05-04,Dynadot,3698 Analytics Blvd,City of Solutions,OH,59280,Rachel Davis,lutex@solidconnect.org,Review,Onboarding,No,None,Secure Product,0.9,None,0.8,0.2,3785,3,222.180.81.208|92.44.183.182|148.241.201.177,impersonation_risk|brand_match|domain_age_ok,Generated data record.,No Bank,0000000000,0
